model_id,organization,api_callable,mainstream,non_agent,magic_cost_per_call,cost_tier,billing,billing_unit,stability,providers,downloads,tasks,support_inference,experience,swe_bench_verified,swe_bench_pro,terminal_bench,livecodebench,humaneval,aime,bench_warn,fetched_at
MiniMax/MiniMax-M1-80k,MiniMax,True,官方机构发布 + ModelScope 官方 API-Inference 清单在列,False,1,standard,魔粒/次,每次调用,稳定,魔搭社区:1魔粒/standard | MiniMax:魔粒/,725212,text-generation,txt2txt,1,56.0,,,24.0,,,,2026-09-21T07:10:54Z
Qwen/Qwen3.5-122B-A10B,Qwen,True,官方机构发布 + ModelScope 官方 API-Inference 清单在列,False,1,standard,魔粒/次,每次调用,稳定,魔搭社区:1魔粒/standard | 阿里云百炼:魔粒/,322882,image-text-to-text,txt2txt,1,72.0,,31.9,80.5,,,,2026-09-21T07:10:54Z
Qwen/Qwen3.5-27B,Qwen,True,官方机构发布 + ModelScope 官方 API-Inference 清单在列,False,1,standard,魔粒/次,每次调用,稳定,魔搭社区:1魔粒/standard | 阿里云百炼:魔粒/,1900846,image-text-to-text,txt2txt,1,72.0,,31.9,80.5,,,,2026-09-21T07:10:54Z
Qwen/Qwen3.5-35B-A3B,Qwen,True,官方机构发布 + ModelScope 官方 API-Inference 清单在列,False,1,standard,魔粒/次,每次调用,稳定,魔搭社区:1魔粒/standard | 阿里云百炼:魔粒/,3248576,image-text-to-text,txt2txt,1,72.0,,31.9,80.5,,,,2026-09-21T07:10:54Z
Qwen/Qwen3.5-397B-A17B,Qwen,True,官方机构发布 + ModelScope 官方 API-Inference 清单在列,False,2,ultra,魔粒/次,每次调用,稳定,魔搭社区:2魔粒/ultra | 阿里云百炼:魔粒/ | 阿里云百炼-Coding:魔粒/,215839,image-text-to-text,txt2txt,1,80.0,,54.0,87.7,,,,2026-09-21T07:10:54Z
Qwen/Qwen3.8-27B,Qwen,True,官方机构发布 + ModelScope 官方 API-Inference 清单在列,False,1,standard,魔粒/次,每次调用,稳定,魔搭社区:1魔粒/standard | 阿里云百炼:魔粒/,444494,image-text-to-text,txt2txt,1,,61.7,73.0,90.3,,,,2026-09-21T07:10:54Z
Qwen/Qwen3.8-Flash-Next,Qwen,True,官方机构发布 + ModelScope 官方 API-Inference 清单在列,False,1,standard,魔粒/次,每次调用,实验/预览,魔搭社区:1魔粒/standard | 阿里云百炼:魔粒/,61988,image-text-to-text,txt2txt,1,,62.5,,91.9,,,livecodebench,2026-09-21T07:10:54Z
Shanghai_AI_Laboratory/Intern-S1,Shanghai_AI_Laboratory,True,官方机构发布 + ModelScope 官方 API-Inference 清单在列,False,1,standard,魔粒/次,每次调用,稳定,魔搭社区:1魔粒/standard | 书生:魔粒/,4104,image-text-to-text,txt2txt,1,,,,,,,,2026-09-21T07:10:54Z
Shanghai_AI_Laboratory/Intern-S1-mini,Shanghai_AI_Laboratory,True,官方机构发布 + ModelScope 官方 API-Inference 清单在列,False,1,standard,魔粒/次,每次调用,稳定,魔搭社区:1魔粒/standard | 书生:魔粒/,7411,image-text-to-text,txt2txt,1,,,,,,,,2026-09-21T07:10:54Z
Shanghai_AI_Laboratory/Intern-S2-Preview,Shanghai_AI_Laboratory,True,官方机构发布 + ModelScope 官方 API-Inference 清单在列,False,1,standard,魔粒/次,每次调用,实验/预览,魔搭社区:1魔粒/standard | 书生:魔粒/,460,image-text-to-text,txt2txt,1,,,,,,,,2026-09-21T07:10:54Z
ZhipuAI/GLM-4.7-Flash,ZhipuAI,True,官方机构发布 + ModelScope 官方 API-Inference 清单在列,False,1,standard,魔粒/次,每次调用,稳定,魔搭社区:1魔粒/standard | 智谱:魔粒/,698863,text-generation,txt2txt,1,59.2,,,,,25.0,,2026-09-21T07:10:54Z
ZhipuAI/GLM-5.2,ZhipuAI,True,官方机构发布 + ModelScope 官方 API-Inference 清单在列,False,2,ultra,魔粒/次,每次调用,稳定,魔搭社区:2魔粒/ultra | 阿里云百炼:魔粒/ | 智谱-Coding:魔粒/ | 智谱:魔粒/,192837,text-generation,txt2txt,1,,62.1,,,,,,2026-09-21T07:10:54Z
ZhipuAI/GLM-5.3-Flash,ZhipuAI,True,官方机构发布 + 网站核验补充（不在 API-Inference /v1/models 清单，但魔搭社区提供免费推理）,False,1,standard,魔粒/次,每次调用,稳定,魔搭社区:1魔粒/standard | 智谱-Coding:魔粒/ | 智谱:魔粒/,68666,image-text-to-text,txt2txt,1,,,,,,,,2026-09-21T07:10:54Z
deepseek-ai/DeepSeek-V4-Flash-0731,deepseek-ai,True,官方机构发布 + ModelScope 官方 API-Inference 清单在列,False,2,ultra,魔粒/次,每次调用,稳定,魔搭社区:2魔粒/ultra | 阿里云百炼:魔粒/,115293,text-generation,txt2txt,1,,,82.7,,,,,2026-09-21T07:10:54Z
deepseek-ai/DeepSeek-V4-Flash-Vision-Exp,deepseek-ai,True,官方机构发布 + 网站核验补充（不在 API-Inference /v1/models 清单，但魔搭社区提供免费推理）,False,1,standard,魔粒/次,每次调用,实验/预览,魔搭社区:1魔粒/standard,26385,image-text-to-text,txt2txt,1,,,83.9,,,,,2026-09-21T07:10:54Z
deepseek-ai/DeepSeek-V4-Pro,deepseek-ai,True,官方机构发布 + ModelScope 官方 API-Inference 清单在列,False,2,ultra,魔粒/次,每次调用,稳定,魔搭社区:2魔粒/ultra | 阿里云百炼:魔粒/ | DeepSeek:魔粒/,241968,text-generation,txt2txt,1,,,65.4,,,,,2026-09-21T07:10:54Z
deepseek-ai/DeepSeek-V4-Pro-0813,deepseek-ai,True,官方机构发布 + ModelScope 官方 API-Inference 清单在列,False,2,ultra,魔粒/次,每次调用,稳定,魔搭社区:2魔粒/ultra | 阿里云百炼:魔粒/,7794,text-generation,txt2txt,1,,,87.9,,,,terminal_bench,2026-09-21T07:10:54Z
deepseek-ai/DeepSeek-V4.1-Flash,deepseek-ai,True,官方机构发布 + ModelScope 官方 API-Inference 清单在列,False,2,ultra,魔粒/次,每次调用,稳定,魔搭社区:2魔粒/ultra | 阿里云百炼:魔粒/ | DeepSeek:魔粒/,17706,image-text-to-text,txt2txt,1,,,,,,,,2026-09-21T07:10:54Z
early-access/EA-29B-A4B,early-access,True,官方机构发布 + ModelScope 官方 API-Inference 清单在列,False,0.5,lite,魔粒/次,每次调用,实验/预览,魔搭社区:0.5魔粒/lite,,,,,,,,,,,,2026-09-21T07:10:54Z
mistralai/Mistral-Large-Instruct-2407,mistralai,True,官方机构发布 + ModelScope 官方 API-Inference 清单在列,False,1,standard,魔粒/次,每次调用,稳定,魔搭社区:1魔粒/standard,76609,text-generation,txt2txt,1,,,,,,,,2026-09-21T07:10:54Z
nex-agi/Nex-N2.5-Pro,nex-agi,True,官方机构发布 + ModelScope 官方 API-Inference 清单在列,False,1,standard,魔粒/次,每次调用,稳定,魔搭社区:1魔粒/standard,56,text-generation,txt2txt,1,,43.8,73.4,,,,,2026-09-21T07:10:54Z
nex-agi/Nex-N2.5-mini,nex-agi,True,官方机构发布 + ModelScope 官方 API-Inference 清单在列,False,0.5,lite,魔粒/次,每次调用,稳定,魔搭社区:0.5魔粒/lite,114,text-generation,txt2txt,1,,43.8,73.4,,,,,2026-09-21T07:10:54Z
stepfun-ai/Step-3.5-Flash,stepfun-ai,True,官方机构发布 + ModelScope 官方 API-Inference 清单在列,False,1,standard,魔粒/次,每次调用,稳定,魔搭社区:1魔粒/standard | 阶跃星辰:魔粒/,5031466,,txt2txt,1,51.0,,51.0,,,,,2026-09-21T07:10:54Z
stepfun-ai/Step-3.7-Flash,stepfun-ai,True,官方机构发布 + ModelScope 官方 API-Inference 清单在列,False,1,standard,魔粒/次,每次调用,稳定,魔搭社区:1魔粒/standard | 阶跃星辰:魔粒/,14140,image-text-to-text,txt2txt,1,,56.3,59.5,,,,,2026-09-21T07:10:54Z
